<?xml version="1.0" encoding="UTF-8"?>
<sltp_editor version="1.1" packageUris="http://schema.mathworks.com/mf0/DiagramEditor/R2019a_20181107 http://schema.mathworks.com/mf0/SltpSyntax/R2019b_201903011129">
  <sltp.mm.syntax.Context type="sltp.mm.syntax.Context" uuid="6923e612-95d1-4dbc-b044-1a037a6f5f0d">
    <rootGraph type="sltp.mm.syntax.Graph" uuid="53a9da5c-1ca2-4967-be19-bc1917c6cdf4">
      <children type="sltp.mm.syntax.Node" uuid="58762454-8b22-42c5-a9d6-2ca825bdb059">
        <priority>40</priority>
        <rates type="sltp.mm.syntax.RateData">
          <color>#000000</color>
          <hasBlocks>true</hasBlocks>
          <rate>0</rate>
          <title>Cont</title>
        </rates>
        <rates type="sltp.mm.syntax.RateData">
          <color>#808080</color>
          <hasBlocks>true</hasBlocks>
          <rate>[0, 1]</rate>
          <title>FiM</title>
        </rates>
        <rates type="sltp.mm.syntax.RateData">
          <color>#a62b2b</color>
          <hasBlocks>true</hasBlocks>
          <rate>-2</rate>
          <title>V1</title>
        </rates>
        <title>Cont</title>
        <type>base</type>
        <diagramElement type="diagram.editor.model.Entity" uuid="0e8f301c-6cd7-4640-98d3-3c405b57a95f"/>
        <subgraph type="sltp.mm.syntax.Graph" uuid="420c4e99-9685-49a0-87fb-4be2dbbcb82e">
          <title>Cont</title>
          <diagramElement type="diagram.editor.model.Diagram" uuid="efe0a273-7e96-4c77-9195-da98ea82425b"/>
        </subgraph>
      </children>
      <title>Default</title>
      <diagramElement type="diagram.editor.model.Diagram" uuid="f29bff5c-a6a7-4a3a-beed-4f8552471a8c"/>
    </rootGraph>
  </sltp.mm.syntax.Context>
  <diagram.editor.model.Diagram type="diagram.editor.model.Diagram" uuid="f29bff5c-a6a7-4a3a-beed-4f8552471a8c">
    <entities type="diagram.editor.model.Entity" uuid="0e8f301c-6cd7-4640-98d3-3c405b57a95f">
      <position>0,0</position>
      <size>0,0,0,0</size>
      <syntaxElement type="sltp.mm.syntax.Node" uuid="58762454-8b22-42c5-a9d6-2ca825bdb059"/>
      <title>Cont</title>
      <type>base</type>
      <subDiagram type="diagram.editor.model.Diagram" uuid="efe0a273-7e96-4c77-9195-da98ea82425b">
        <position>0,0</position>
        <syntaxElement type="sltp.mm.syntax.Graph" uuid="420c4e99-9685-49a0-87fb-4be2dbbcb82e"/>
        <title>Cont</title>
        <type>graph.Graph</type>
      </subDiagram>
    </entities>
    <syntaxElement type="sltp.mm.syntax.Graph" uuid="53a9da5c-1ca2-4967-be19-bc1917c6cdf4"/>
    <title>Default</title>
    <type>graph.Graph</type>
  </diagram.editor.model.Diagram>
</sltp_editor>