<?xml version="1.0" encoding="UTF-8"?>
<sltp_graph version="1.1" packageUris="http://schema.mathworks.com/mf0/sltp_mm/R2019b_201903251320">
  <sltp.mm.core.Context type="sltp.mm.core.Context" uuid="5fbeecda-3341-4ed2-a0de-cba5511108d8">
    <priorityDirection>HighNumberLast</priorityDirection>
    <editorState type="sltp.mm.core.EditorState" uuid="30b6fb31-a27c-4dac-b9e5-daeff325e298">
      <isSynchronized>true</isSynchronized>
    </editorState>
    <rootTask type="sltp.mm.core.Task" uuid="d11c8ed8-712e-49e3-81cb-0dbf3c3b1f9b">
      <context type="sltp.mm.core.Context" uuid="5fbeecda-3341-4ed2-a0de-cba5511108d8"/>
      <explicit>false</explicit>
      <name>Default</name>
      <priority>-2147483648</priority>
      <subgraph type="sltp.mm.core.Graph" uuid="a359dd4d-02a0-4460-a868-838a546299af">
        <tasks type="sltp.mm.core.Task" uuid="0348a509-7191-468c-8796-5e87deedd519">
          <baseTask>true</baseTask>
          <context type="sltp.mm.core.Context" uuid="5fbeecda-3341-4ed2-a0de-cba5511108d8"/>
          <explicit>false</explicit>
          <id>1</id>
          <name>Cont</name>
          <priority>40</priority>
          <rates type="sltp.mm.core.Rate" uuid="3261e965-4335-49f1-9d4c-6b34d2390e44">
            <annotation>Cont</annotation>
            <color>255</color>
            <hasBlocks>true</hasBlocks>
            <rateSpec type="sltp.mm.core.RateSpec">
              <period>0</period>
            </rateSpec>
            <sti>0</sti>
          </rates>
          <rates type="sltp.mm.core.Rate" uuid="fb893bcb-32bb-4b08-a463-d817710f6fc2">
            <annotation>FiM</annotation>
            <color>-2139062017</color>
            <hasBlocks>true</hasBlocks>
            <rateSpec type="sltp.mm.core.RateSpec">
              <offset>1</offset>
              <period>0</period>
            </rateSpec>
            <sti>1</sti>
          </rates>
          <rates type="sltp.mm.core.Rate" uuid="f261b8b9-2449-48f9-baa6-817d6d25846f">
            <annotation>V1</annotation>
            <color>-1507120129</color>
            <hasBlocks>true</hasBlocks>
            <rateSpec type="sltp.mm.core.RateSpec">
              <period>-2</period>
            </rateSpec>
            <sti>2</sti>
          </rates>
        </tasks>
      </subgraph>
    </rootTask>
  </sltp.mm.core.Context>
</sltp_graph>